time,median,1st qurtile,3rd quartile,std,skew,kurt,name,ISO
2016-01-03,264.71667726966194,262.9219586863074,265.8526161221634,1.8894474130471453,-0.059618281283771966,-0.5549258867462804,Poland,PL
2016-01-10,268.7110151104134,267.1833555636926,270.8446370196767,2.221272765697421,0.12317361357284473,-0.5300778150471906,Poland,PL
2016-01-17,273.2676825154396,271.83086981670334,274.496928803656,1.8140864920202409,-0.13240142989500644,-0.6104303279082386,Poland,PL
2016-01-24,269.9371186677662,268.6394631681955,271.1305524414915,1.7129204913106832,-0.49384950828632396,-0.223057562856956,Poland,PL
2016-01-31,278.92722919326343,277.7057301020595,280.17884003134566,1.7302507506147127,-0.1291861771569597,0.07047593805252816,Poland,PL
2016-02-07,278.8591123289661,277.99427664738784,279.7441930442464,1.2128897891067774,-0.300900629905345,0.48014533218453587,Poland,PL
2016-02-14,279.12003207740133,278.1063917437743,280.15888734470064,1.4773501293835563,-0.10476622714956903,-0.24679012175532308,Poland,PL
2016-02-21,277.3815903025328,276.3018064472437,278.472044825405,1.7348277614845877,0.33835115571333824,0.01468220736049489,Poland,PL
2016-02-28,277.3254596675753,276.28740835468295,278.40400104787193,1.4598335109560063,-0.09064223388253012,1.2108676566721095,Poland,PL
2016-03-06,277.31858951173416,276.12632512623725,278.321266830721,1.8010466061637551,0.4181485879593274,0.6497060797264879,Poland,PL
2016-03-13,278.37980932889934,277.43428585956974,279.508342055955,1.4893403755722427,-0.21354922913517907,0.07246541571091224,Poland,PL
2016-03-20,278.6046242157864,277.473971972567,279.43774024167243,1.5310918661423139,-0.522245027627452,0.8058047221752034,Poland,PL
2016-03-27,280.26749427640226,279.40317020217395,281.35071320961197,1.3421752544523557,-0.23620878461753222,-0.26707966154803264,Poland,PL
2016-04-03,284.76452288178604,283.33962332562544,285.9609532128463,1.7953733015123603,-0.11225221926016561,-0.42603881291407436,Poland,PL
2016-04-10,288.2365827050814,286.913346838017,289.51786676945625,2.0710477345088365,0.09103786048743588,-0.010629168745834555,Poland,PL
2016-04-17,286.94908626574386,285.473318321653,288.49487133000304,1.9321068562696537,-0.13488194135441173,-0.10980811481548881,Poland,PL
2016-04-24,284.21754153800754,283.3484668241018,284.8100559359247,1.2742885573510283,-0.8451875108466841,1.6919194922899277,Poland,PL
2016-05-01,284.1682810588912,283.0067131143866,285.18776833365956,1.7693944244127349,-0.528367926639668,0.40253065153951484,Poland,PL
2016-05-08,292.1056498318782,290.2672253634917,292.9841527383746,1.9478434556790114,-1.0780137895906179,1.1674637481726085,Poland,PL
2016-05-15,292.22902028996197,290.7544948208636,293.2890707188988,1.7830771379314723,-0.5806939605879249,0.4224596615942677,Poland,PL
2016-05-22,289.5834255970043,288.78363713562425,290.4118640699772,1.2580819704084845,-0.28464983600449956,0.278930437143884,Poland,PL
2016-05-29,296.5310534082799,295.2756420584557,297.561942218274,1.8582144718684304,-0.7549331216030438,0.5493576122375019,Poland,PL
2016-06-05,296.9521793439896,295.185014470764,297.95339492769114,1.9546836911971337,-0.642733919849187,-0.18026030089257358,Poland,PL
2016-06-12,292.31365476298384,290.8235618130965,293.5459706952994,1.8949336812390976,-0.049300454878799006,-0.2266299672800248,Poland,PL
2016-06-19,295.23537125134436,293.14647844181275,296.79168080965803,2.625861929898758,-0.5412736854925544,-0.32412727220402854,Poland,PL
2016-06-26,298.86661404721445,296.9231638985754,300.8658293969897,2.4381512528409215,-0.019518876469741153,-0.6385364254443001,Poland,PL
2016-07-03,297.2818006508364,296.06468676548855,298.4476807144328,1.9111522986944123,-0.8041781755091696,0.8082558628899583,Poland,PL
2016-07-10,293.62775478451476,292.4493037974644,294.7062961648113,1.6360964038852717,-0.29066199288522465,-0.3523284034962683,Poland,PL
2016-07-17,294.4882783470012,293.16767360345045,295.99847015706206,2.1852032257276677,-0.09872271710957935,0.8287539509482412,Poland,PL
2016-07-24,295.37496697109543,293.9458283826073,296.5061308216646,1.6683327106718508,-0.24623917729511277,-0.5114208253489105,Poland,PL
2016-07-31,298.85433547081755,297.7035112806603,299.99945889336186,1.8542868904822278,-0.35229746836850956,0.34633423757105103,Poland,PL
2016-08-07,295.8602630858321,293.4938598323766,296.9067924633795,2.159760244491749,-0.4643317167244736,-0.22335156753436802,Poland,PL
2016-08-14,292.99613896771433,291.7881609278999,294.5851183096557,2.015448541897492,-0.1311327633151501,0.36940830814044834,Poland,PL
2016-08-21,294.6619324989009,292.8397332921818,296.17585173393945,1.9901696620191447,-0.39445010293156535,-0.7137880244432662,Poland,PL
2016-08-28,297.52371784056214,296.61539553424467,298.39410811622463,1.3809989399061056,-0.36327102267529376,0.6390549826312409,Poland,PL
2016-09-04,296.81346066540976,294.7492711822007,298.07618069166074,2.167834405258852,-0.3084904512011332,-0.6323748387268708,Poland,PL
2016-09-11,297.50763875242325,296.2332979306538,298.2868167462798,1.5697533979622877,-0.5984282299391986,0.18514030401246476,Poland,PL
2016-09-18,296.46469062632497,295.02393124231827,297.73164968490335,1.9127855254308983,-0.2409900817845107,-0.5602817110697772,Poland,PL
2016-09-25,289.14709761432687,287.94635516417486,290.34082373510915,1.6134576697392522,-0.21966196855459114,-0.36413466716166554,Poland,PL
2016-10-02,291.6823312932405,289.81781485001045,293.6699989342614,2.2646966484624445,-0.04708600912280728,-1.1318160421064953,Poland,PL
2016-10-09,282.97769766897244,281.88044607702335,283.96597689539857,1.4310775784177892,-0.27070032842596453,-0.22871880020640228,Poland,PL
2016-10-16,280.7928419379576,279.9205514064241,282.0414562187048,1.4892708871056808,-0.3021164159479177,0.6723696793050754,Poland,PL
2016-10-23,282.01134447182653,280.8572313772773,282.95964523819833,1.5641836350357958,-0.4172091947888396,-0.10746794217673113,Poland,PL
2016-10-30,282.24683002629666,281.27558001594485,283.51824737749536,1.5489887317613011,0.08994958270734879,-0.42832483971407315,Poland,PL
2016-11-06,279.8140639908862,278.7698003030311,280.8046089070046,1.4466051899978065,-0.11819940713687098,0.22163621318879498,Poland,PL
2016-11-13,275.57678574570934,274.80279691211575,276.426711727377,1.296953256154459,-0.1895192703594387,-0.05486530504793878,Poland,PL
2016-11-20,279.39469213751886,278.26630558399177,280.5994543597056,1.7405238390440623,-0.25183911227658234,0.22892815136465566,Poland,PL
2016-11-27,279.9026451491785,278.56515736308194,281.3532712463613,2.0547075179758245,0.11200727491957438,-0.47561828160451836,Poland,PL
2016-12-04,274.3009831886546,272.98739477447344,275.48213838598286,1.6916730809329998,0.07926779764555318,-0.2939567013543649,Poland,PL
2016-12-11,277.6232151452014,276.68178453467084,278.4880508267796,1.604279349140041,-1.0245183486975655,3.0373054704402476,Poland,PL
2016-12-18,273.3154812592706,272.2821074992913,274.4584851656512,1.5262321827765362,-0.06332931410140781,-0.16135621968949726,Poland,PL
2016-12-25,274.5759355958292,273.90631466160966,275.3405693235965,1.261243223608398,-0.42704055224628856,2.51964845566006,Poland,PL
2017-01-01,276.55877951040844,275.6704829775004,277.29710200303947,1.399842812620366,-1.312884968573696,3.7798997376271948,Poland,PL
2017-01-08,268.2303965485899,266.15531713750494,270.6332700974149,2.617356585561205,-0.4631431080005087,0.1290579133062999,Poland,PL
2017-01-15,271.2740217597487,269.99756142181553,272.51189228614857,1.8944475270356607,-0.5761002284124811,0.621447024575252,Poland,PL
2017-01-22,271.3498858210585,270.4490183646963,272.30147549182226,1.393569897485445,-0.2016977953006278,0.41927669836498366,Poland,PL
2017-01-29,272.8997637441166,271.18967963378395,274.00045041398624,1.868400500260023,-0.5141374901804611,0.2572297192066727,Poland,PL
2017-02-05,272.81118258582427,271.6402595354935,274.0502955872168,1.7550605264990697,0.15482863327627175,0.273663087303664,Poland,PL
2017-02-12,268.6459678902153,267.28363060426767,269.8497068977022,1.9072409003579638,0.5223155865213763,0.6195310234131747,Poland,PL
2017-02-19,274.96958090817435,273.4031122896274,276.83899416461037,2.0744270025395646,0.1687545821647671,-0.7904409214341154,Poland,PL
2017-02-26,278.5291986750622,277.32202458965475,279.73388781048465,1.655405712088685,-0.2606263150692274,-0.03567090214792878,Poland,PL
2017-03-05,283.2333551703804,281.5900723625883,284.65218852510685,1.9579372013385934,-0.2611683045763417,-0.7122832801484809,Poland,PL
2017-03-12,278.9101268904248,277.7886104927389,280.0101557794161,1.5700840429831042,-0.1789822109827659,-0.16263018936504242,Poland,PL
2017-03-19,280.50970381318496,279.53260686169176,281.6019124183996,1.461079549535026,-0.028961927581338552,-0.1960666446349268,Poland,PL
2017-03-26,282.38423314311973,280.40811321085306,283.7984620316973,2.0116391820136146,-0.2045800369640376,-0.5855479307674073,Poland,PL
2017-04-02,290.0792462057955,288.54318168118397,291.2139913078139,2.0502314637020405,-1.15601853523222,2.660987159750282,Poland,PL
2017-04-09,285.41382569553923,283.72559452772254,286.7580374639484,2.0822648424695207,-0.4486154647423534,0.10148740048366275,Poland,PL
2017-04-16,283.05619285379584,282.0387520084269,284.19276512492087,1.4656731363309154,-0.23341372876733874,0.03572978199171021,Poland,PL
2017-04-23,279.9460586871534,278.9995120031241,280.7370767368214,1.44484363476567,-0.7662361531936602,1.1916206209230948,Poland,PL
2017-04-30,282.3533905285988,280.91014619460697,283.7269831762436,2.448725328226076,0.3740179230447268,0.6019165423350314,Poland,PL
2017-05-07,286.9479168775156,285.22358084815073,288.93214944061594,2.4538895900890814,0.25754401083030787,-0.41754243681869757,Poland,PL
2017-05-14,286.61288715011295,284.7626957126794,287.9565142244081,2.054961559221447,-0.4275035526989959,-0.5544672825843971,Poland,PL
2017-05-21,294.5180977468223,292.78367574398857,295.53327290249894,1.7692073582728507,-0.42992357560504874,-0.22762054753307565,Poland,PL
2017-05-28,292.9926308030295,291.84604564519987,293.94202787086533,1.599326182881527,-0.49585156203801056,0.6760010424204087,Poland,PL
2017-06-04,295.01815738794113,292.70927341796414,296.9669428703717,2.6988434921092943,-0.37018686164696435,-0.4152157943640023,Poland,PL
2017-06-11,294.09258660525654,292.7865992145593,295.5253795319581,1.8010601853480526,-0.06955657100486021,-0.5054626682826381,Poland,PL
2017-06-18,293.000670347099,291.69007849025286,293.9833949794408,1.6260774347216163,-0.41772896290217343,0.42776599635929324,Poland,PL
2017-06-25,296.685412654413,294.60660581835043,298.06762954024134,2.337678816121524,-0.39681162665430586,-0.13100962182333736,Poland,PL
2017-07-02,294.9254833708498,292.7435511104057,296.9123470574638,2.5332272748048554,-0.21776874823917058,-0.7981024641793163,Poland,PL
2017-07-09,293.3102658805364,292.06654841299513,294.8117603656495,1.9116238502706466,-0.17970220018819708,-0.35285054367937746,Poland,PL
2017-07-16,294.43974873552753,293.46148239580606,295.51003131146183,1.649795368952981,-0.5986702388382769,0.7352000245558628,Poland,PL
2017-07-23,296.7127471042491,294.80964084948573,298.4962834126707,2.404988554053669,-0.09694467783178926,-0.6825821070900989,Poland,PL
2017-07-30,295.6847086780614,294.235836663221,297.0126951848032,1.7334423842856153,-0.21837699453987858,-0.6984335309791554,Poland,PL
2017-08-06,300.3064233032857,298.2140954158336,302.243953424019,2.832921544900231,-0.09127385977726311,-0.29426362040209625,Poland,PL
2017-08-13,297.03242861115547,294.97890979552943,299.1698510321607,2.8186143350921595,-0.20183441594982593,-0.31060762952294263,Poland,PL
2017-08-20,295.97237818221856,294.1770018179855,298.1157206311294,2.477607388058424,0.05058026288832275,-0.6347918867737449,Poland,PL
2017-08-27,293.3430087509283,292.1364924463992,294.5497443157502,1.6218558506684553,-0.16903847585340354,-0.23407350617299869,Poland,PL
2017-09-03,292.9911690677442,291.7185823283172,295.09519083747915,2.041055979961931,0.14076531331779812,-0.5505940073876352,Poland,PL
2017-09-10,291.1813946109506,288.7965734928996,292.5345229646004,2.094527674167957,-0.2664603348735544,-1.0172531363445418,Poland,PL
2017-09-17,290.04942680597435,288.6688178289599,291.8014627189966,1.9236044271922819,-0.23985762509467048,-0.4750028567347087,Poland,PL
2017-09-24,288.27034879017305,286.7695851727027,289.5760438338133,1.8664142045858811,-0.7150360700695547,0.2631975793511883,Poland,PL
2017-10-01,289.54030440608636,288.67970775683574,290.55818377204093,1.287510611560741,-0.10772360047286457,-0.13663802591474397,Poland,PL
2017-10-08,285.4768264863378,284.7544369083172,286.1717354409939,0.9989349589299223,-0.3651591986758063,0.17419848431824483,Poland,PL
2017-10-15,286.9971773566319,285.93127998655365,288.0225115725417,1.4882223199030453,-0.2572032745657739,-0.35640784036195733,Poland,PL
2017-10-22,289.18992645818764,287.7736511402107,290.275776514911,1.7568449370188735,-0.5453478483883454,0.5338657591866652,Poland,PL
2017-10-29,282.13778457400946,280.9916379367654,283.69168226910233,1.7289430824496523,-0.32930686311354057,0.6345976674839947,Poland,PL
2017-11-05,281.96895414855135,281.2263926235928,282.6180377020117,1.0451545770188206,-0.31980455601060614,1.8775740833190753,Poland,PL
2017-11-12,280.00628218091,279.42136880647655,280.76784626457805,0.9636256519678081,0.11145160492731294,-0.20073155244272872,Poland,PL
2017-11-19,278.3488205408499,277.66048939497784,278.99731940019603,1.010537148240068,-0.44221540813654414,1.1792641942152262,Poland,PL
2017-11-26,278.8801613170752,277.802277717657,280.24900332504257,1.6589894235564502,-0.5027630824988109,0.341125414767137,Poland,PL
2017-12-03,275.3535787676362,274.46754792442033,276.15446353048026,1.1325961797284958,-0.3926938259495668,0.43746266644459997,Poland,PL
2017-12-10,276.28251154147705,275.7081957478625,277.0826654366784,1.2049031067964002,-1.2046734087139543,3.981190960735609,Poland,PL
2017-12-17,276.7360880005216,275.7233977948301,277.70076020208927,1.3265516885944446,-0.18946634473474827,-0.38922069508933316,Poland,PL
2017-12-24,274.8678441323139,274.1250633470625,276.07034066480827,1.3930345210096193,-0.2857917219287863,0.8538120452933445,Poland,PL
2017-12-31,278.2207725298531,277.2140754388315,279.06835973506406,1.3835390093026152,-1.0152023983219907,3.0791706286809912,Poland,PL
2018-01-07,278.63809795382093,277.75367501941906,279.58391377020763,1.3114902192515159,-0.1862443021754334,0.07137266454765222,Poland,PL
2018-01-14,272.9604257584587,271.8050701889169,274.17476234676445,1.6143127121132868,-0.15193351773025762,-0.4330328961263304,Poland,PL
2018-01-21,272.7949573241569,271.79681138455464,273.9685114980013,1.6047180074371499,-0.4185078227875472,0.6087711741637712,Poland,PL
2018-01-28,275.35518667645005,273.79953489901476,276.85068804689314,2.071677264113422,-0.08530224474895433,-0.6949518082715122,Poland,PL
2018-02-04,277.22620784169993,276.38658709379405,277.90174880382517,1.2062920201259018,-0.3269725831367395,-0.065145688064798,Poland,PL
2018-02-11,271.60218133131013,270.682457489767,272.48908921569716,1.3580578866783208,-0.47509245965315366,0.26587034672511306,Poland,PL
2018-02-18,274.3572599971406,273.4586582304708,275.2408058903713,1.2493637622217586,-0.4350751380147412,0.3015371481965722,Poland,PL
2018-02-25,270.9812361820928,269.8358204124914,271.9267596514224,1.5934469952913817,-0.3880812770312433,-0.007155780339475397,Poland,PL
2018-03-04,265.7162118577853,264.611797762938,266.90211769479095,1.5839408027532274,0.012837305055507984,-0.26980647378673256,Poland,PL
2018-03-11,279.3122502674251,277.71208865055075,280.6149487537303,2.035932150349975,-0.4186126524981489,-0.339540971159466,Poland,PL
2018-03-18,276.97727432260456,275.09075876333,278.2261809504089,2.1925407337649845,0.07678265073620968,-0.4884367873543507,Poland,PL
2018-03-25,276.7005678330876,274.7592372006123,277.8546809276368,1.9161742470477663,-0.44592279530170664,0.12075099641658175,Poland,PL
2018-04-01,279.05513103073173,277.28065748107934,280.4287236783765,2.153691228801289,0.06722300242888812,-0.17281993326850761,Poland,PL
2018-04-08,287.8520001515055,286.4937557243569,288.74709375349045,1.7103714163083126,-0.898163995042214,1.3603558281264978,Poland,PL
2018-04-15,293.6197152404454,291.47074511068587,295.36875459613265,2.508889293959536,-0.712361587597286,0.603640330048074,Poland,PL
2018-04-22,292.216741713565,290.486631829823,293.8082790922557,2.3640677007890774,-0.575380183121574,0.23683590977211105,Poland,PL
2018-04-29,291.88229668027657,289.79040731341007,293.3932193579802,2.3438324366921153,-0.3653994457946316,-0.383912275636758,Poland,PL
2018-05-06,294.1422856049585,292.0304435514469,296.09019404621785,2.7778151177801056,-0.3270072505897084,0.4913065819862177,Poland,PL
2018-05-13,296.880700488536,295.81889597725666,297.5757556167205,1.7014965400456066,-1.4499561128862013,2.6298978337056735,Poland,PL
2018-05-20,291.276845925084,289.6672561156192,292.27652668673585,1.841279140352307,-0.6443647611546709,0.5024630736170027,Poland,PL
2018-05-27,295.7721204481254,294.62385429471755,296.68636278234845,1.6141547329466648,-0.5434735480405163,0.481066124585306,Poland,PL
2018-06-03,300.2095102538669,299.22839353033896,301.1693587289929,1.6918316216085107,-0.6017310841838169,1.1781333840226098,Poland,PL
2018-06-10,297.7631500803027,296.4239812986279,299.0176843889556,1.8078527362268595,-0.28133984807031415,0.13905086807622258,Poland,PL
2018-06-17,295.479188696941,294.2554239160448,296.5655503610142,1.691267653133967,-0.5823042499554152,0.12293505508225491,Poland,PL
2018-06-24,294.7363348249254,293.5605880481529,295.675865179585,1.9354558303256766,-0.7797009532326449,1.0578883580714051,Poland,PL
2018-07-01,293.51607820871385,291.7560758383865,294.55354482749215,2.1800941973607855,-0.6314124089527239,0.45726084865109,Poland,PL
2018-07-08,296.86622930921106,294.9492365692368,298.1793792028065,2.2983096259038,-0.5952092287229496,-0.09770013595158081,Poland,PL
2018-07-15,295.6907017927313,293.66678311663367,297.0238774597361,2.328698450539639,-0.10978630238715399,-0.4768212349054499,Poland,PL
2018-07-22,296.82164638300776,295.2611708791308,298.4214425660607,2.056676801729174,-0.46719307379933367,0.058466573334568075,Poland,PL
2018-07-29,299.9531218848162,298.99765861554624,300.64145303068824,1.3997255490988734,-0.615375765243086,0.8995738615986101,Poland,PL
2018-08-05,302.1454324657864,301.0310054842344,303.1254528878503,1.7969905887177104,-0.4046285331224553,0.5013917391584782,Poland,PL
2018-08-12,299.26873742421463,297.6565164912363,300.9991396550137,2.128073415664038,0.25947080655007915,-0.4722880342007937,Poland,PL
2018-08-19,298.7305264921483,297.66039008974246,299.7463594287033,1.8395379330652861,-0.16548836159519104,0.058584100569924004,Poland,PL
2018-08-26,296.66144019573323,295.0518503862685,298.2879861345081,2.312261544164081,0.07140238847381981,-0.2830435430174544,Poland,PL
2018-09-02,295.3037804626988,294.0503424555099,296.3383966976706,1.6931701083639095,-0.3529576721312659,0.0304212589650649,Poland,PL
2018-09-09,295.85207736823406,294.78800716726255,296.742785764363,1.4307507622205191,-0.6079139958522927,0.041266524619180546,Poland,PL
2018-09-16,294.58226792584935,293.27591510133067,295.87926564454165,2.0030264030368716,-0.34451181217699317,0.27158560057084535,Poland,PL
2018-09-23,295.9627307293352,295.10608076535493,296.9198019074192,1.4042114154060292,-0.2880192081844218,0.22477430801605708,Poland,PL
2018-09-30,286.8616744956798,286.1248137383342,287.9648461155346,1.2848161036924974,-0.7763003894657933,1.7594903185395323,Poland,PL
2018-10-07,288.16846584078405,287.1079038044973,288.94515888465554,1.4662634464260307,-0.6300707120649525,1.350372047602931,Poland,PL
2018-10-14,292.17581312557513,291.26844094719326,293.2542083323432,1.362484896152424,0.17848894274115573,-0.5884392831170285,Poland,PL
2018-10-21,289.8538466247943,289.08899363673413,290.5818638836637,1.1847433835281065,-0.39156223750461905,0.38658719821058934,Poland,PL
2018-10-28,281.9873720131468,280.8256578951137,282.8500881785612,1.586476854215245,0.22182769354196694,0.15300279852771423,Poland,PL
2018-11-04,286.4428873364266,285.10978475618606,288.68438530974885,2.537578545538633,0.39191976190069483,0.05815746188813143,Poland,PL
2018-11-11,285.4724412804818,284.1268408635515,287.06719447680024,2.1757505882206285,-0.08771914935557633,-0.32489502594897207,Poland,PL
2018-11-18,280.42433847252045,279.4994254707143,281.6245693153225,1.536017614494703,-0.05625835152591715,0.12158716401558592,Poland,PL
2018-11-25,274.9442928877378,273.55403645783997,276.2320816741324,1.6456600733202877,0.05547955841420715,-0.30515445977167194,Poland,PL
2018-12-02,272.85328056204247,271.7883333198996,274.040794307862,1.562938620515647,-0.076597595331472,-0.17654604529466209,Poland,PL
2018-12-09,278.36446110840313,276.95951423888755,279.50512623832714,1.7705713200206936,-0.4552512694897174,0.02255262018097724,Poland,PL
2018-12-16,274.1115422956731,273.6100940060332,274.55897946651913,0.8910860553383888,-1.4475759158465862,4.882024825652457,Poland,PL
2018-12-23,274.07529126059626,273.00851684934685,275.3104575767183,1.7653833729452528,0.04515895609512105,-0.2348012395780183,Poland,PL
2018-12-30,276.8068359883326,275.9796399903522,277.6987137726898,1.2958214547131246,-0.8850061376963332,1.0141746629759194,Poland,PL
2019-01-06,273.7113191745438,272.62824641486264,275.15938723497726,1.7435205065249608,-0.4198071341150135,0.6766762870516708,Poland,PL
2019-01-13,272.0936167342453,269.59741138745056,274.9698001684671,2.9871447751621742,-0.13277959525174016,-0.9673998556354108,Poland,PL
2019-01-20,274.4658669288422,273.5953304796511,275.1954920965254,1.166457257286596,-0.4814143157540732,1.0853300277525888,Poland,PL
2019-01-27,269.64711038715257,268.71138054423477,270.5336528377182,1.3426888849785474,-0.6194598947556597,1.2697942383730947,Poland,PL
2019-02-03,275.17203124519557,274.1217013559062,276.8707138203025,1.868505051299316,0.18101226606504736,-0.198807638093566,Poland,PL
2019-02-10,276.6559849068843,275.7724390136536,277.60399332619903,1.3587548812861214,0.011388740560456856,-0.12934560350244712,Poland,PL
2019-02-17,279.20422802983757,277.6957172153548,280.58469083332346,1.7813536048470928,-0.17875148378561553,-0.5270195898663956,Poland,PL
2019-02-24,278.25395392083055,277.0057781606689,279.6002852054035,1.8101460128955245,-0.11982635323500754,-0.3012756291914252,Poland,PL
2019-03-03,280.4545963929272,278.9445507563949,281.70386845455283,1.889231414365266,-0.27145525975430207,-0.5145506783055349,Poland,PL
2019-03-10,283.0088326305504,281.46567868980486,284.2938441199029,1.9104539078619343,-0.30779383229970075,-0.4316091628212276,Poland,PL
2019-03-17,280.42375377840636,279.16242240067646,281.421461197423,1.526144317726305,-0.4184939445737658,-0.35141408568379423,Poland,PL
2019-03-24,283.1590990178845,282.219057055875,283.9371807102771,1.2395500918366795,-0.6104693621009684,0.3683423734063763,Poland,PL
2019-03-31,283.2049975058446,281.84039453020466,284.2041666601466,1.6185006562653066,-0.4694211429714214,-0.20824660872769143,Poland,PL
2019-04-07,287.7602031755854,286.60411673840093,289.1071922410368,1.6585942776363918,-0.11866980521486581,0.016597121687608473,Poland,PL
2019-04-14,281.93065668407513,280.557502557016,283.3527058564294,2.020476015501095,-0.31807985898791447,0.3675085030264273,Poland,PL
2019-04-21,289.1443203172847,287.9473783788747,290.1214172687779,1.8399757724824153,-1.0436680832730378,1.4530619974128136,Poland,PL
2019-04-28,291.524317708894,290.48188119014554,292.84769974948694,1.8151710234162857,-1.1530535874449281,3.934242806799491,Poland,PL
2019-05-05,286.86591352800735,284.6192263944221,288.28862048123995,2.3328833474069084,-0.6749000409433584,0.1890211921084029,Poland,PL
2019-05-12,287.0147181800561,285.31727807994173,288.83910998970333,2.2397859188947904,-0.4797074517326263,-0.07254451105434302,Poland,PL
2019-05-19,288.03939461508753,286.9003373939774,289.3255754926683,1.853110600498921,-0.20684236172660744,0.30895303556351605,Poland,PL
2019-05-26,292.45938977093334,290.4059440420716,293.9304070753468,2.4774306229618217,-0.6543143251535931,-0.04224038330376466,Poland,PL
2019-06-02,293.36420391256587,291.8434145216862,294.43141684440104,2.1212311051874986,-0.814254513752996,1.5167554354572343,Poland,PL
2019-06-09,299.1592534513419,297.51187778475077,300.12144070292453,1.981720358216166,-0.45492283450642784,0.1747590601092614,Poland,PL
2019-06-16,302.03448675762814,299.7070387495273,303.71475146813975,2.7794466907137965,-0.47223276046024265,-0.11754142720149043,Poland,PL
2019-06-23,297.92350244110565,296.53536552737165,299.01242214192825,1.84837671135999,-0.37113829119955094,0.019316168347548512,Poland,PL
2019-06-30,300.3358041825213,298.8105564990213,301.6979952949403,1.995738162714075,-0.27358946777229687,0.09688096188338287,Poland,PL
2019-07-07,294.04756515846776,292.18356032258754,296.4287319383053,2.7510747754088896,0.12330484412263878,-0.780740837284228,Poland,PL
2019-07-14,292.2927519484033,291.0792193145044,293.3772864433698,1.7421529163191054,-0.5600464657687086,0.35223927993880466,Poland,PL
2019-07-21,295.8580704829041,294.6788155414468,297.0848318211353,1.6641047515938294,-0.24170621010926907,-0.3099769055478086,Poland,PL
2019-07-28,298.5459093256083,297.06093244921976,299.94245121723316,2.06980904011083,-0.16901439680294117,-0.13965111917111847,Poland,PL
2019-08-04,297.1927809719585,295.5550527582507,298.5224484742785,1.877290775073766,-0.438004740644889,-0.14159346179966223,Poland,PL
2019-08-11,298.3357117915748,296.7721666435986,299.39685852197573,1.855328290238505,-0.419154241479922,-0.28474310604312214,Poland,PL
2019-08-18,296.3889727385437,295.01815738794113,297.535996416959,1.84103791989813,-0.5438494109336546,0.009943507425467235,Poland,PL
2019-08-25,297.1955582690007,296.0095062584665,298.4748689907402,1.623224595654747,-0.10263246737727962,0.2938176905629403,Poland,PL
2019-09-01,302.7029383036194,301.5950891308516,303.72834560629354,1.6257046430971178,-0.4623055266853834,-0.09521032209549388,Poland,PL
2019-09-08,293.0282971439921,291.44574943730635,294.82323498763947,2.3174445321906743,-0.07377844452913047,-0.3355078800337964,Poland,PL
2019-09-15,293.5763017024704,291.7266949591509,294.6724569929555,1.957637164822156,-0.3612792652316921,-0.33500572662608136,Poland,PL
2019-09-22,288.34884397499644,287.50871161974067,289.2263236667929,1.3614682174135562,-0.29336655197247546,0.0810494789209277,Poland,PL
2019-09-29,289.53124164731724,288.34438568237607,290.7997355279453,1.6266522142799074,-0.1748786474394342,-0.21455365673964935,Poland,PL
2019-10-06,285.49816782150396,283.73421876590606,286.6249464662172,1.8643532670331584,-0.07085619966424926,-0.3955615948403291,Poland,PL
2019-10-13,287.38482955430715,286.2579047360654,288.1863720980296,1.4973334842194372,-0.6853200790851571,0.4835058179518752,Poland,PL
2019-10-20,292.35253692157414,290.77452059427293,293.7500289411345,1.9840612052605249,-0.35021431075161524,-0.27170313024532194,Poland,PL
2019-10-27,290.86609830990017,289.06684834716106,292.9935078442008,2.4721866625974656,-0.024476107256538846,-0.5848740587016324,Poland,PL
2019-11-03,281.5611300039383,280.67853423864307,282.23155489256476,1.1319630679931443,-0.18914031953921653,-0.030948929905163323,Poland,PL
2019-11-10,283.2361324674226,282.0949557301487,284.30868073304924,1.584234431058393,-0.030474466819812855,0.1948034384916943,Poland,PL
2019-11-17,282.38320992841994,280.55399439233116,283.9476321175674,2.1422668761361217,0.23056196572444954,-0.017573022972666195,Poland,PL
2019-11-24,280.16882714464106,278.15579839641924,282.76896187022425,2.6388477338715477,0.1599871176458884,-1.061054396570665,Poland,PL
2019-12-01,278.1077803922954,276.6788610641001,279.72709074140784,1.9615039491279727,-0.31785000936723096,-0.09345615734101495,Poland,PL
2019-12-08,276.95637150802406,276.0666132398306,277.74271200477887,1.3515379359976278,-1.1689205029353908,3.4427062440265113,Poland,PL
2019-12-15,277.22620784169993,276.42883124354074,277.99566529590896,1.1733718809015727,0.009893275997311447,0.3534742289085699,Poland,PL
2019-12-22,281.39800034609306,279.99678090155516,282.9027837355981,1.9898815179454614,0.22807805393949465,-0.5498304065302598,Poland,PL
2019-12-29,276.43570139938186,275.91145003929057,277.09625957483223,0.9467868654786677,-1.0725309387351927,2.790791168844962,Poland,PL
2020-01-05,276.5431389428552,275.7401346638473,277.3412464086572,1.2449931393180864,-0.7382304404555916,1.7828733629030933,Poland,PL
2020-01-12,277.46388599909807,276.62009930562897,278.3146890219369,1.3781423292094246,-0.9475857115184106,1.9193441161686808,Poland,PL
2020-01-19,278.228665900394,277.1967538757001,279.46017787830255,1.6948605548790194,-0.6153132934541284,0.9033382895890021,Poland,PL
2020-01-26,275.7010332449642,274.84452945451255,276.51112694010595,1.1536342383041347,-0.10820559490642916,0.9293294200383448,Poland,PL
2020-02-02,279.0469453131338,278.0588853470004,280.0008006735899,1.493901844609858,-0.15896230078017945,-0.1695903951495876,Poland,PL
2020-02-09,277.2234305446578,276.1612605995571,278.2346590150639,1.4888926526184911,-0.24533476796969883,0.004402948698774857,Poland,PL
2020-02-16,278.6804882770961,277.7372304974589,279.67870730346266,1.3252196967920782,-0.22776572243534926,-0.06355019054673293,Poland,PL
2020-02-23,280.2479070235785,279.35303268188636,281.29319392613337,1.3157247198636877,0.030859035432836492,-0.3779080715283167,Poland,PL
2020-03-01,279.5047608045058,278.57429320861536,280.2308047207399,1.3113993722996837,-0.9236022587716494,1.1743295106714495,Poland,PL
2020-03-08,280.10202584210043,279.0066745060223,281.27272963213846,1.4885242835995462,-0.10358973414985188,0.10292555679616935,Poland,PL
2020-03-15,281.8602010433212,280.5707312613484,282.8421217212561,1.5548750748293385,-0.29508853883121067,-0.5406317723731412,Poland,PL
2020-03-22,283.22648501453926,281.55754875248914,284.4466685439864,1.900251106382109,-0.40338402407671375,0.01567619904628053,Poland,PL
2020-03-29,282.12272870057035,280.852773084657,283.3665923416402,1.6651760591680955,-1.0068835746422014,2.0352243767674434,Poland,PL
2020-04-05,280.76536131459295,280.05495796591214,281.5790362611839,1.2001964919676602,-0.2098546727467985,0.2914836686171269,Poland,PL
2020-04-12,290.4207075684536,289.03966007085353,291.65587388457567,1.8321896920889829,-0.468133313244324,0.2831271938163442,Poland,PL
2020-04-19,284.46881383355947,282.8008276994448,286.43294753648627,2.355884049584286,-0.0747342890781018,-0.2327355383009701,Poland,PL
2020-04-26,287.8959983835945,287.01340261829927,288.7155202713269,1.3055463150851125,-0.36538391578837043,0.3229142778097628,Poland,PL
2020-05-03,288.97826718886876,287.41048300856505,290.89277497885786,2.4039544708494285,-0.4346211522370552,0.7061621439687729,Poland,PL
2020-05-10,288.85328882197126,287.3676541647042,289.9377502301735,1.8167529855254954,-0.3091903912806801,0.3765370425358618,Poland,PL
2020-05-17,286.82513111354604,284.38286379878076,288.25456204909125,2.510870467669437,-0.7730096611876102,0.4119250124177885,Poland,PL
2020-05-24,288.810606151639,286.75240978309984,290.657654858209,2.460973816378736,0.10670082949453351,-0.4447451463217206,Poland,PL
2020-05-31,289.5166242944637,288.0605166899609,290.5534331323635,1.8011264518496335,-0.9372435305193826,1.011078481184058,Poland,PL
2020-06-07,292.02423117648414,290.09408281894184,294.35416413457017,2.716445240483634,0.07681718917048141,-0.7141781682547402,Poland,PL
2020-06-14,294.73370370141174,292.9260487607817,296.72765680415966,2.76192509547056,-0.139784481485387,-0.36150765476649643,Poland,PL
2020-06-21,295.5831180757295,293.743085698529,297.1183786459341,2.545832621644643,-0.7112230848550906,0.3215439053367142,Poland,PL
2020-06-28,297.01401074656,295.3672928608473,298.2882053948009,1.914565213137898,-0.4016414522006836,-0.36312047927959457,Poland,PL
2020-07-05,296.71698613657657,295.2341287763517,298.01084112440543,1.8924495355622983,-0.3018405135946782,-0.3124398883155006,Poland,PL
2020-07-12,293.20224364294893,291.5536255013653,294.3079002127888,2.039410961127935,-0.18218283548100037,0.34959257141744515,Poland,PL
2020-07-19,295.25364294241126,294.2273585985659,296.2343942321177,1.8068952211089415,-0.31501179373092913,1.1117302081016935,Poland,PL
2020-07-26,296.23242088948257,294.92409472232873,297.254100767179,1.6851781922504685,-0.27592343039600503,-0.3332596303070177,Poland,PL
2020-08-02,297.4956525230833,295.5735437096104,298.8153802254629,2.1825351617708044,-0.034650003359241656,-0.31229538829225284,Poland,PL
2020-08-09,298.4257546851524,297.21149118361103,300.2880785254545,2.120927349602091,-0.0564699332897583,-0.11946685122633324,Poland,PL
2020-08-16,300.24210695073026,299.1433936234958,301.24551513735975,1.6700363630686255,-0.45485353518168653,0.29577924086568114,Poland,PL
2020-08-23,299.1569146748853,297.4583782733068,300.3490328868537,2.003916762560133,-0.6799371961364722,0.3017108123996999,Poland,PL
2020-08-30,294.0345557144281,292.6197421317364,295.91127764729083,2.446081521580827,0.12742581209097265,-0.3067883253591525,Poland,PL
2020-09-06,291.6881782343819,290.17974050666345,293.1478670903339,2.1301170715396487,0.027470652076974616,-0.4409319098069838,Poland,PL
2020-09-13,293.2384946780257,291.9208134050456,294.4766575514827,1.665591716088215,0.028041077023906142,-0.5344618834764614,Poland,PL
2020-09-20,294.9297224031774,294.112904725723,295.6452418253569,1.2057522958698457,-0.3205704012446193,0.6154509287767025,Poland,PL
2020-09-27,294.32456399504184,292.96178818850865,295.43599441925886,2.112391563260871,-0.5030835635181933,1.0640384815268762,Poland,PL
2020-10-04,289.92664104200475,288.2128295066945,291.1683120801466,1.8832763440596216,-0.43325682126468673,-0.28614520198236804,Poland,PL
2020-10-11,288.8948021040752,287.83409389426,289.89397125837723,1.3710773913380905,-0.3995704605093221,0.153437695468668,Poland,PL
2020-10-18,281.86794824033353,280.9409888091279,282.90461090470484,1.4648275715656005,-0.10264040388878382,0.15659139194863103,Poland,PL
2020-10-25,286.8327321370299,285.8987563764545,287.7281180860719,1.176401272080861,-0.1873034252186352,-0.5951664487789708,Poland,PL
2020-11-01,284.72417898791036,283.6896358397029,286.2318127612219,1.6412636078214295,0.07397064581486952,-0.5433849833708994,Poland,PL
2020-11-08,283.63430915915234,282.5704582184735,284.64736479866514,1.4268308396446492,0.39633319408380097,0.095884191605894,Poland,PL
2020-11-15,280.7868488232876,279.96798471643376,281.8028279333712,1.289534527299049,-0.024490827429738817,-0.3744282072352626,Poland,PL
2020-11-22,280.71610083547665,280.07936894517746,281.4344706414626,1.0485249411956392,-0.14026664380201714,0.48889366506469845,Poland,PL
2020-11-29,277.2317624357843,276.4020814878188,278.12839085981886,1.3490468368485558,-0.3414199453109883,0.45029791974886907,Poland,PL
2020-12-06,276.4181605759576,275.1286177072206,277.5772435704771,1.5603314507392625,-0.1275670524675693,0.31026240176665326,Poland,PL
2020-12-13,273.68661584822127,272.71149223936334,275.28611968421717,1.7306592312353721,0.47869164946638815,0.5591131200179771,Poland,PL
2020-12-20,276.59035299257204,275.5455776973671,277.86542468198417,1.5018252228100881,-0.0015952752754900923,-0.7324653893558593,Poland,PL
2020-12-27,276.9218745552898,276.1736853494826,277.71165012996516,1.278766894435089,-0.2783481208545867,1.1113175305981362,Poland,PL
2021-01-03,275.7390383623834,274.76793452556007,276.92501728615326,1.5470626944684693,0.4805815022106871,-0.32401271508958324,Poland,PL
2021-01-10,274.1847752334691,273.5764740944701,275.07848018693306,1.1608177145366552,0.01079923760402614,0.3953003772051021,Poland,PL
2021-01-17,270.4896546056291,269.20457002951235,271.4508917292763,1.8174554088170287,-0.6037551237589768,1.566119026403528,Poland,PL
2021-01-24,274.7609912829547,272.46723627318113,276.44966097135693,2.7592004227770768,0.2708935222023675,-0.31416724840595567,Poland,PL
2021-01-31,272.92271298809663,272.2119442055945,273.5979616031647,1.040012141416152,-0.3820708076076797,0.8313898854036135,Poland,PL
2021-02-07,271.5480971257521,269.45196872655805,272.9941918435503,2.42221281845026,-0.21166173321999468,-0.6171745276579587,Poland,PL
2021-02-14,267.01686391469104,265.55067033671924,268.47421399418647,2.2450191432849267,0.725511048916245,0.994146433978272,Poland,PL
2021-02-21,274.26429363299223,272.4352973571962,276.62886971734105,2.770959504171292,0.06657539945647198,-0.5336251829209855,Poland,PL
2021-02-28,282.82275372872516,280.7758858086475,284.72710245848106,2.435503509123513,-0.10950117020530703,-0.4789702658686537,Poland,PL
2021-03-07,277.6635590390771,276.13641109970615,279.5336300763915,2.080790469103379,-0.1425242175501644,-0.03222749603033118,Poland,PL
2021-03-14,277.3644879996942,276.31963961772493,278.4535538740453,1.5032167908911107,-0.11305559308537716,-0.13929531189955524,Poland,PL
2021-03-21,276.38673326732254,275.6336472483095,277.2452834871738,1.2192198768656652,-0.4866346430751879,0.2737470889042245,Poland,PL
2021-03-28,282.5074574276748,281.23640551029746,283.78567184795037,1.8565343137541184,-0.36029885729258476,0.4499881956544078,Poland,PL
2021-04-04,285.47814204809464,284.08043076824157,286.76059550069783,1.8826383069832728,-0.5970359138902376,1.0310323223716444,Poland,PL
2021-04-11,282.52075921877156,280.64498741384426,283.6150142533857,1.9729337276766779,-1.1807846368823023,2.221560815908832,Poland,PL
2021-04-18,281.0596086275342,278.24854550027476,282.73504961160404,2.704900401652388,-0.10787772405661485,-0.49559819290385126,Poland,PL
2021-04-25,284.44016382196656,283.48674698209607,285.20165481887045,1.4641458428159448,-0.9461666624990014,1.1540372408114228,Poland,PL
2021-05-02,284.030293247954,282.4974445409702,285.97184314072217,2.302319498854474,0.08173605235980475,-0.4453098731339704,Poland,PL
2021-05-09,284.18845300582905,283.2803499598044,285.03976763601776,1.3227247671873208,-0.09216934236108376,0.5939981595925308,Poland,PL
